{"importBase":"import","nativeBase":"native","name":"main","deps":[],"uuids":["1f92854ef","1f92854ef@6c48a","62OTrlyONMpIndr7Z4nL0u","74sTDkGrRNe79aJdI0CKYw","b3DF2LtZRGuLmRyEQ7Cg7P","deo0c32MpOdJfqGmSNu8pr","f6zGZT84xAoax7913cpbM3","fdjsU2o1RKF5x0TziDw3jI","061b3ad14","15VgkyUs1IbrCp1IV5Wj8c@f9941","357Ew1AodMUIxOzEPKUoHv","62OTrlyONMpIndr7Z4nL0u@6c48a","62OTrlyONMpIndr7Z4nL0u@f9941","63DdGn6wRAd4oTAQmFwOD3@f9941","66AHw3MeFFJrzIRyhL/D2I@f9941","abZqlkE6BPcq3BCsij/CIi@f9941","b3DF2LtZRGuLmRyEQ7Cg7P@6c48a","b3DF2LtZRGuLmRyEQ7Cg7P@f9941","caOSw8OGJDxaaRUiwz2CtV@f9941","efRQBu9kJFoIgmDr9c2ub1"],"paths":{"7":["db:/internal/default_renderpipeline/builtin-forward",0]},"scenes":{"db://assets/scenes/main.scene":3},"packs":{"061b3ad14":["9","0","0","1","1","10","2","11","12","13","14","3","15","4","16","17","18","5","19","6","7"]},"versions":{"import":[8,"90752"],"native":[0,"69981",2,"326e0",4,"8147f",5,"12fed",6,"4c19d"]},"redirect":[],"debug":false,"types":["cc.RenderPipeline"]}