{"debug":false,"CocosEngine":"3.1.2","designResolution":{"width":1334,"height":750,"policy":4},"platform":"web-mobile","bundleVers":{"main":"bd4ec"},"subpackages":[],"remoteBundles":[],"hasResourcesBundle":false,"hasStartSceneBundle":false,"launchScene":"db://assets/scenes/main.scene","jsList":[],"moduleIds":[],"renderPipeline":"","engineModules":[],"splashScreen":{"displayRatio":0.4,"totalTime":0,"effect":"","clearColor":{"x":0,"y":0,"z":0,"w":1},"displayWatermark":false,"base64src":"data:image/png;base64,iVBORw0KGgoAAAANSUhEUgAAAAEAAAABCAIAAACQd1PeAAAAAXNSR0IArs4c6QAAAARnQU1BAACxjwv8YQUAAAAJcEhZcwAADsMAAA7DAcdvqGQAAAAMSURBVBhXY/j//z8ABf4C/qc1gYQAAAAASUVORK5CYII="},"customJointTextureLayouts":[],"physics":{"physicsEngine":"","gravity":{"x":0,"y":-10,"z":0},"allowSleep":true,"sleepThreshold":0.1,"autoSimulation":true,"fixedTimeStep":0.0166667,"maxSubSteps":1,"defaultMaterial":{"friction":0.5,"rollingFriction":0.1,"spinningFriction":0.1,"restitution":0.1}},"scriptPackages":["./src/chunks/bundle.js"],"orientation":"landscape"}